optimizer,model,learning_rate,momentum,epoch,train_loss,validation_loss,train_accuracy,validation_accuracy,elapsed_seconds_total,mean_epoch_time_s_from_total_elapsed,note
adam,model_b,0.0010000000474974513,0.0,1,1.532936930656433,1.3843308687210083,0.48645833134651184,0.4835405945777893,10.135,2.027,Controlled optimizer pilot on Model B; not a final model result.
adam,model_b,0.0010000000474974513,0.0,2,1.3313359022140503,1.3429738283157349,0.5145833492279053,0.4835405945777893,10.135,2.027,Controlled optimizer pilot on Model B; not a final model result.
adam,model_b,0.0010000000474974513,0.0,3,1.3532639741897583,1.324224829673767,0.4697916805744171,0.4835405945777893,10.135,2.027,Controlled optimizer pilot on Model B; not a final model result.
adam,model_b,0.0010000000474974513,0.0,4,1.310250163078308,1.287674069404602,0.48645833134651184,0.4835405945777893,10.135,2.027,Controlled optimizer pilot on Model B; not a final model result.
adam,model_b,0.0010000000474974513,0.0,5,1.2896475791931152,1.2508898973464966,0.4895833432674408,0.509144127368927,10.135,2.027,Controlled optimizer pilot on Model B; not a final model result.
sgd,model_b,0.009999999776482582,0.0,1,1.5814701318740845,1.553816318511963,0.48645833134651184,0.4835405945777893,9.5348,1.9069600000000002,Controlled optimizer pilot on Model B; not a final model result.
sgd,model_b,0.009999999776482582,0.0,2,1.5214871168136597,1.500921607017517,0.5145833492279053,0.4835405945777893,9.5348,1.9069600000000002,Controlled optimizer pilot on Model B; not a final model result.
sgd,model_b,0.009999999776482582,0.0,3,1.4880729913711548,1.4618748426437378,0.4697916805744171,0.4835405945777893,9.5348,1.9069600000000002,Controlled optimizer pilot on Model B; not a final model result.
sgd,model_b,0.009999999776482582,0.0,4,1.4448168277740479,1.428924560546875,0.48645833134651184,0.4835405945777893,9.5348,1.9069600000000002,Controlled optimizer pilot on Model B; not a final model result.
sgd,model_b,0.009999999776482582,0.0,5,1.4190224409103394,1.4039305448532104,0.4729166626930237,0.4835405945777893,9.5348,1.9069600000000002,Controlled optimizer pilot on Model B; not a final model result.
sgd_momentum,model_b,0.009999999776482582,0.9,1,1.4815680980682373,1.3583084344863892,0.48645833134651184,0.4835405945777893,9.4317,1.88634,Controlled optimizer pilot on Model B; not a final model result.
sgd_momentum,model_b,0.009999999776482582,0.9,2,1.311934232711792,1.343530297279358,0.5145833492279053,0.4835405945777893,9.4317,1.88634,Controlled optimizer pilot on Model B; not a final model result.
sgd_momentum,model_b,0.009999999776482582,0.9,3,1.3582026958465576,1.3388437032699585,0.4697916805744171,0.4835405945777893,9.4317,1.88634,Controlled optimizer pilot on Model B; not a final model result.
sgd_momentum,model_b,0.009999999776482582,0.9,4,1.3422812223434448,1.3366992473602295,0.48645833134651184,0.4835405945777893,9.4317,1.88634,Controlled optimizer pilot on Model B; not a final model result.
sgd_momentum,model_b,0.009999999776482582,0.9,5,1.334681749343872,1.3384947776794434,0.4729166626930237,0.4835405945777893,9.4317,1.88634,Controlled optimizer pilot on Model B; not a final model result.
