accuracy,loss,val_accuracy,val_loss,epoch,stage
0.4776610732078552,1.4162263870239258,0.5822970271110535,1.033295750617981,1,head
0.5804985165596008,1.0699527263641357,0.613021194934845,0.9679484367370605,2,head
0.6137325763702393,0.9617657661437988,0.6174103617668152,0.9409056305885315,3,head
0.5273553729057312,1.1684331893920898,0.5961960554122925,0.9809321165084839,4,fine_tune
0.5936667323112488,0.9812324643135071,0.631309449672699,0.8875470161437988,5,fine_tune
0.6341119408607483,0.8781761527061462,0.645208477973938,0.8764363527297974,6,fine_tune
0.6469666361808777,0.8619792461395264,0.6517922282218933,0.8652821779251099,7,fine_tune
0.6598212718963623,0.8138057589530945,0.6854425668716431,0.7681049704551697,8,fine_tune
0.6784762740135193,0.7707036733627319,0.6920263171195984,0.7811374068260193,9,fine_tune
0.6913309097290039,0.7533918619155884,0.6152157783508301,0.8900006413459778,10,fine_tune
0.6980717778205872,0.7333609461784363,0.7000731825828552,0.7426739931106567,11,fine_tune
